loyalty_tier,total_revenue,orders
Gold,135092.161,1659
Silver,51255.2485,654
Bronze,48250.1145,614
Gld,1084.969,13
Brnze,803.5459999999999,11
Sllver,777.3595,6
Unknown,767.2729999999999,9
