category,total_revenue,total_quantity,avg_discount
Cleaning,93536.5395,3580.0,0.085619285120532
Storage,46931.4575,1730.0,0.0807625649913345
Outdoors,40062.068,1523.0,0.0821499013806706
Kitchen,33933.676,1226.0,0.07562189054726369
Personal Care,24892.2765,900.0,0.08704318936877076
